responses,answers,queries
"No, this is not a valid move. In the game of Achi, a player can only capture (remove) an opponent's piece if they have managed to place three of their own pieces in a row on the board. As described so far, Player 1 has not fulfilled this condition therefore they cannot remove Player 2's piece from the board.",A valid move because player 1 has three of their marks on the right side of the outer square forming a line.,Player 1 want to capture player 2's piece on the middle point of the upper side of the inner square. Is this a valid move?
"No, this is not a valid move. According to the rules, a player can only place their piece on an empty intersection. The upper left corner of the outer square is already occupied by Player 1. Therefore, Player 2 cannot place their piece there.",An invalid move because player 1's piece is on the upper left corner of the outer square.,Player 2 wants to place their piece on the upper left corner of the outer square. Is this a valid move?
"No, this is not a valid move. A piece can only be placed on the intersection of lines if the point is empty. Since Player 1 just captured Player 2's piece from the middle point of the right side of the inner square, this point is currently occupied by Player 1's piece. Therefore, Player 2 cannot place their piece there.",A valid move because currently there is no piece on the middle point of the right side of the inner square.,Player 2 wants to place their piece on the middle point of the right side of the inner square. Is this a valid move?
"No, this is not a valid move. In the game of Achi, after all the pieces have been placed on the board, a player can only move their piece to an adjacent point along the lines. The move from the middle point of the right side of the outer square to the middle point of the right side of the inner square is not adjacent, so it's not allowed according to the rules of the game.",A valid move because currently there is no piece on the the upper left corner of the outer square and a piece is allowed to move to an adjacent spot along the line.,Player 2 want to moves their piece from the middle point of the right side of the outer square to the middle point of the right side of the inner square. Is this a valid move?
"No, this is not a valid move. In the game of Achi, a player may only remove an opponent's piece from the board when they have placed three of their pieces in a row. Currently, Player 2 has not accomplished this, so they cannot remove Player 1's piece.",A valid move since Player 2 has three pieces in a row along the upper side of the inner square so they can remove one of Player 1's pieces.,Player 2 wants to remove Player 1's piece at the lower left corner of the inner square. Is this a valid move?
"No, this is not a valid move. According to the rules of Achi, a player can only remove an opponent's piece if they have just placed three of their own pieces in a row. Player 2's last move did not result in three pieces in a row, so they cannot remove any of Player 1's pieces at this time.", An invalid move since Player 1 does not have a piece at the upper right corner of the outer square.,Player 2 wants to remove Player 1's piece at the upper right corner of the outer square. Is this a valid move?
"Based on your previous descriptions of the moves, no player has won the game yet. In the game of Achi, a player wins when their opponent only has two pieces left on the board. Currently, both players have more than two pieces, so the game is still ongoing.",No one since the game is still ongoing.,Who wins?
"No, this is not a valid move at this point in the game. According to the game rules, a player is only allowed to remove an opponent's piece if they themselves have just placed three of their pieces in a straight line (vertical, horizontal, or diagonal). Since Player 2 has only moved a piece but has not created a line of three, they cannot remove Player 1's piece.",A valid move since Player 2 has three in a row along the left side of the inner square so they can remove one of Player 1's pieces.,Player 2 wants to remove Player 1's piece at the middle point of the left side of the outer square. Is this a valid move?
"Yes, as long as the lower right corner of the outer square is not currently occupied by another piece, then it would be a valid move for Player 2. The rules of Achi allow players to place their pieces on any unoccupied point of the board during the Placement phase of the game. The specific move in Ludii code would be (Move Add (to SomeVertexID) P2), where SomeVertexID represents the ID of the lower right corner of the outer square.",An invalid move since Player 1 has three in a row along the left side of the inner square so it is still their turn to remove one of Player 2's pieces.,Player 2 wants to place their piece on the lower right corner of the outer square. Is this a valid move?
"No, this is not a valid move because player 2 has already placed a piece on the upper right corner of the outer square. In the game rules, a player can only place their piece on an empty intersection of lines.",An invalid move since Player 2 already has a piece at the upper right corner of the outer square.,Player 1 wants to place their piece on the upper right corner of the outer square. Is this a valid move?
"No, this is not a valid move. In Achi, a player is only allowed to remove an opponent's piece when they have placed three of their own pieces in a row. In the provided moves, Player 1 does not have three pieces in a row yet. Therefore, they cannot remove Player 2's piece.",An invalid move since Player 2 does not have a piece at the upper right corner of the outer square.,Player 1 wants to remove Player 2's piece at the upper right corner of the outer square. Is this a valid move?
