,task_id,answer,model_answer
0,0,Player 1 wins because three of their pieces form a line on the 2nd row.,"No player has won yet as neither player has achieved a three in a row, diagonally or orthogonally."
1,1,"An invalid move because player 1's piece is currently on the 3rd row, 3rd column.","No, this is not a valid move because the cell in the 3rd row, 3rd column is already occupied by Player 1's piece. In this game, players can only move their pieces into an adjacent orthogonal empty cell."
2,2,"A valid move because currently there is no piece on the 2nd row, 3rd column, and a piece is allowed to move into an adjacent orthogonal empty cell","Yes, this is a valid move. Player 2's piece is moving to an adjacent orthogonal empty cell, which aligns with the game rules."
3,3,No one because no one has formed a line with 3 of their pieces yet.,No one has won yet because neither player has achieved a (orthogonal or diagonal) 3 in-a-row.
4,4,No since the piece are not allowed to move diagonally.,"No, this is not a valid move. According to the rules, a player can only move their piece to an adjacent orthogonal empty cell. Moving from the 4th row, 4th column to the 3rd row, 3rd column is a diagonal move, which is not allowed."
5,5,No one because no one has formed a line with 3 of their pieces yet.,No one has won yet because neither player 1 nor player 2 has made a (orthogonal or diagonal) 3 in-a-row.
6,6,"A valid move because currently there is no piece on the 2nd row, 2nd column, and a piece is allowed to move into an adjacent orthogonal empty cell","No, this is not a valid move as player 1's piece is already at the 2nd row, 2nd column. Players cannot move to a cell that is already occupied by another piece."
7,7,No one because no one has formed a line with 3 of their pieces yet.,"No one wins yet. To win, a player has to make a 3 in-a-row either orthogonally or diagonally and at this point no player has been able to achieve that."
8,8,"An invalid move because player 2's piece is currently on the 3rd row, 4th column.","No, this is not a valid move because the 3rd row, 4th column is already occupied by Player 2's piece. Players can only move their pieces into an adjacent orthogonal empty cell."
9,9,"A valid move because currently there is no piece on the 3rd row, 3rd column, and a piece is allowed to move into an adjacent orthogonal empty cell","No, this is not a valid move. Player 1's pieces are not on the 4th row at the start and until now he only moved on the 1st and 2nd rows. So player 1 doesn't have a piece at the 4th row, 3rd column to move."
