model_response,answer
"Based on the moves provided, no player has won yet. In 3D Tic Tac Toe, a player wins when they have three of their marks in a row on any level of the grid. This can be horizontally, vertically or diagonally within the same level. Also, they can win by having three of their marks in a straight vertical line through the same grid cell on each level. According to the given moves, none of these conditions are met yet. Therefore, the game continues until one player achieves three in a row or all cells are filled without a winner, resulting in a draw.","player O because three of their marks on the front, middle, and back slide (1st row, 3rd column) form a line."
"Based on the moves described, no player has won yet. Both players need to make a line of three markers either horizontally, vertically, or diagonally to win. The game is still in progress.",no one because both players have not formed a line with their marks yet.
"Based on the moves described, no player has won yet. In 3D Tic Tac Toe, a player wins when they have three of their marks in a row on any of the 3x3 grids, either horizontally, vertically, or diagonally. However, from the moves shared, none of the players have three of their marks in a suitable winning pattern.","player X because three of their marks on the front, middle, and back slide 1st row, 2nd column form a line"
"At this point in the described sequence of moves, no player has won yet. To win at 3D Tic Tac Toe, a player must have three of their markers in a straight line on any slice, vertically, horizontally or across the slices. In this case, no one has achieved this. The game continues until either a player aligns three of their markers or if all cells are filled and no player has aligned three of their markers, then it's a draw.",Player X because three of their marks on the back slide 1st row form a line.
"Based on the moves described so far, no player has won yet. A player wins in 3D Tic Tac Toe by getting three of their marks in a row, either horizontally, vertically, or through one level, which has not occurred yet in the provided sequence of moves.",Player X because three of their marks on the middle slide 1st row form a line.
"Given the moves described, it is not possible to declare a winner yet.

To win at 3D Tic Tac Toe, a player must align three markers in a row. This can be done either horizontally, vertically, or diagonally within the same level, and it is possible to align three markers vertically from bottom to top across levels. However, diagonals across levels are not considered.

Up until the seventh turn you described, no player has achieved this objective yet, hence no winner can be declared.",player O because three of their marks on the back slide 1st row form a line.
"After the tenth move, none of the players have reached a three-in-a-row alignment on any of the levels of the 3x3x3 grid. Both horizontal/vertical alignments and alignments between levels were considered. Hence, at this stage, neither player has won the game; the game continues.",no one because both players have not formed a line with their marks yet.
"No player has won yet. In the 3D Tic Tac Toe game, a player wins when they get three of their marks in a straight line either horizontally, vertically, or diagonally on one level, or in a straight line vertically from level to level. Until now, based on the movement information you provided, no player has achieved three of their marks in a row.",player O because three of their marks on the middle slide 2nd row form a line.
"Based on the moves provided, neither player has won as yet. The game requires a player to get three of their marks in a row within one grid level or across grid levels (vertically). So far, neither Player O (with the Disc mark) nor Player X (with the Cross mark) has managed to get three of their marks in a row. They continue to take turns placing their marks.","player O because three of their marks on the front, middle, and back slide (1st row, 3rd column) form a line."
"Without additional moves provided, there's not yet a winner. To win in 3D Tic Tac Toe, a player must have three of their marks in a row either horizontally, vertically, or diagonally within one level, or in a straight line vertically through multiple levels, which neither player has achieved yet given the current moves.",player O because three of their marks on the front slide 2nd row form a line.
